stimID,response,responseRT,
1,-1,2.744325970998034,
1,1,1.3554647830023896,
1,1,1.3458539760031272,
