stimType,stimSide,response,responseRT,
1,-1,-1,1.4442974709963892,
1,1,-1,1.350754251005128,
0,1,1,1.4562241960084066,
