stimID,response,responseRT,
-1,1,4.753264619997935,
-1,-1,4.680430651991628,
1,-1,1.7320963270030916,
